CREATE TABLE t1 (c1 INT, c2 VARCHAR(100));
INSERT INTO t1 VALUES (1, '{"vector": [1.1, 2.2, 3.3]}');
INSERT INTO t1 VALUES (2, '{"vector": [2.2, 3.3, 4.4]}');
INSERT INTO t1 VALUES (3, '{"vector": [3.3, 4.4, 5.5]}');
SELECT myvector_index_build('idx_save', 't1', 'c2', 'vector');
myvector_index_build('idx_save', 't1', 'c2', 'vector')
Index created
SELECT myvector_index_save('idx_save');
myvector_index_save('idx_save')
Index saved
SELECT myvector_index_drop('idx_save');
myvector_index_drop('idx_save')
Index dropped
SELECT myvector_index_load('idx_save');
myvector_index_load('idx_save')
Index loaded
SELECT c1 FROM t1 WHERE myvector_is_ann('idx_save', '{"vector": [1.0, 2.0, 3.0]}', 2);
c1
1
2
SELECT myvector_index_drop('idx_save');
myvector_index_drop('idx_save')
Index dropped
DROP TABLE t1;
